{
  "n_zeros": 100,
  "N_system": 100,
  "eigenvalue_pattern": "prime",
  "t_zeros": [
    14.134725141734695,
    21.022039638771556,
    25.01085758014569,
    30.424876125859512,
    32.93506158773919,
    37.586178158825675,
    40.9187190121475,
    43.327073280915,
    48.00515088116716,
    49.7738324776723,
    52.970321477714464,
    56.44624769706339,
    59.34704400260235,
    60.83177852460981,
    65.1125440480816,
    67.07981052949417,
    69.54640171117398,
    72.0671576744819,
    75.70469069908393,
    77.1448400688748,
    79.33737502024937,
    82.91038085408603,
    84.73549298051705,
    87.42527461312523,
    88.80911120763446,
    92.49189927055849,
    94.65134404051989,
    95.87063422824531,
    98.83119421819369,
    101.31785100573138,
    103.72553804047834,
    105.44662305232609,
    107.1686111842764,
    111.02953554316967,
    111.87465917699264,
    114.32022091545271,
    116.22668032085755,
    118.79078286597621,
    121.37012500242065,
    122.94682929355258,
    124.25681855434577,
    127.5166838795965,
    129.57870419995606,
    131.08768853093267,
    133.4977372029976,
    134.75650975337388,
    138.11604205453344,
    139.7362089521214,
    141.12370740402113,
    143.11184580762063,
    146.0009824867655,
    147.42276534255961,
    150.05352042078488,
    150.92525761224147,
    153.0246938111989,
    156.11290929423788,
    157.59759181759406,
    158.8499881714205,
    161.18896413759603,
    163.030709687182,
    165.5370691879004,
    167.1844399781745,
    169.09451541556882,
    169.9119764794117,
    173.41153651959155,
    174.75419152336573,
    176.44143429771043,
    178.37740777609997,
    179.916484020257,
    182.20707848436646,
    184.8744678483875,
    185.59878367770747,
    187.22892258350186,
    189.41615865601693,
    192.0266563607138,
    193.0797266038457,
    195.26539667952923,
    196.87648184095832,
    198.01530967625192,
    201.2647519437038,
    202.49359451414054,
    204.18967180310455,
    205.3946972021633,
    207.90625888780622,
    209.57650971685626,
    211.6908625953653,
    213.34791935971268,
    214.54704478349143,
    216.1695385082637,
    219.0675963490214,
    220.714918839314,
    221.43070555469333,
    224.00700025460432,
    224.9833246695823,
    227.4214442796793,
    229.33741330552536,
    231.25018870049917,
    231.98723525318024,
    233.6934041789083,
    236.5242296658162
  ],
  "K_c_values": [
    23426068.8283315,
    12382696.961782876,
    -35093449.16387398,
    -4565759.509588916,
    3044528.0662301844,
    59112748.62111898,
    52331203.723299034,
    -66711250.8485225,
    2718448.337241941,
    63794444.44351404,
    37710730.68149619,
    -10420904.758008093,
    -8978562.49472951,
    -16200386.689854568,
    23815551.706160866,
    -47472026.591561854,
    10137855.254288174,
    -3168132.26727926,
    10994262.287981609,
    23932976.953479357,
    -65024809.46609272,
    53951463.88200473,
    -12657034.596375141,
    -13975052.168100024,
    57545580.777262524,
    12427475.789531188,
    68093273.57787064,
    19298821.78888124,
    -8966834.251524229,
    11045340.73437298,
    62353977.38873443,
    4150055.9863000643,
    23276207.17461067,
    11749710.288313631,
    -21968557.128567506,
    -6896872.6908981,
    15364762.673943304,
    74004251.66028813,
    -55804056.906220704,
    4207020.023847944,
    -73051854.72472641,
    17837248.520287097,
    8574641.530226223,
    26397486.25550483,
    -10319065.780433428,
    -7952920.907814262,
    -1076252.467781737,
    64188020.936594024,
    14236518.119005442,
    23841878.54480768,
    38625390.779626176,
    -13062111.395781755,
    1726915.883524402,
    -27770310.78457321,
    2798452.990042259,
    13390965.931872662,
    60555380.72788191,
    -12815703.180641271,
    19500439.23182778,
    -41811923.837785676,
    5812773.736862487,
    28857882.39182293,
    -54805164.89910069,
    48790972.09376882,
    4854431.350696481,
    -11833263.62883973,
    -6191591.371251871,
    -68161867.3763232,
    6333875.3112371685,
    24286355.30258281,
    47622788.23121278,
    10850742.465558505,
    -77874612.3326108,
    24490316.64069548,
    -3583638.774292386,
    -44485019.053330444,
    -4745731.165070889,
    63129986.803376585,
    5997418.905506964,
    10042901.432323385,
    -5048679.722572848,
    -10561576.509462504,
    -76234911.93114623,
    -27459678.682859167,
    -3975162.8963986053,
    62035636.14235175,
    -5989797.9905194845,
    48973818.52899295,
    8841604.709346075,
    -19215498.127642278,
    66716868.21676962,
    -6421520.108108006,
    37018899.18399664,
    749698.2841414709,
    20968380.68687508,
    -69610827.91459116,
    7332419.31787756,
    -37247637.02753149,
    -6691792.088471905,
    -4592165.100121033
  ],
  "x_c_values": [
    -3.9579158316633265,
    -3.877755511022044,
    -3.9579158316633265,
    -3.7975951903807617,
    -3.877755511022044,
    -3.9579158316633265,
    -3.9579158316633265,
    -3.9579158316633265,
    -3.7575150300601203,
    -3.9579158316633265,
    -3.9579158316633265,
    -3.7975951903807617,
    -3.9979959919839683,
    -3.9579158316633265,
    -3.9579158316633265,
    -3.9579158316633265,
    -3.877755511022044,
    -3.877755511022044,
    -3.9979959919839683,
    -3.877755511022044,
    -3.9579158316633265,
    -3.9579158316633265,
    -3.9579158316633265,
    -3.877755511022044,
    -3.9579158316633265,
    -3.877755511022044,
    -3.9579158316633265,
    -3.877755511022044,
    -3.877755511022044,
    -3.9579158316633265,
    -3.9579158316633265,
    -3.9979959919839683,
    -3.877755511022044,
    -3.877755511022044,
    -3.9579158316633265,
    -3.877755511022044,
    -3.9579158316633265,
    -3.9579158316633265,
    -3.9579158316633265,
    -3.877755511022044,
    -3.9579158316633265,
    -3.7975951903807617,
    -3.877755511022044,
    -3.9579158316633265,
    -3.9579158316633265,
    -3.7975951903807617,
    -3.717434869739479,
    -3.9579158316633265,
    -3.877755511022044,
    -3.9579158316633265,
    -3.9579158316633265,
    -3.877755511022044,
    -3.717434869739479,
    -3.9579158316633265,
    -3.7575150300601203,
    -3.877755511022044,
    -3.9579158316633265,
    -3.877755511022044,
    -3.9579158316633265,
    -3.9579158316633265,
    -3.9979959919839683,
    -3.877755511022044,
    -3.9579158316633265,
    -3.9579158316633265,
    -3.9579158316633265,
    -3.9579158316633265,
    -3.9979959919839683,
    -3.9579158316633265,
    -3.7975951903807617,
    -3.877755511022044,
    -3.9579158316633265,
    -3.817635270541082,
    -3.9579158316633265,
    -3.8577154308617234,
    -3.877755511022044,
    -3.9579158316633265,
    -3.7975951903807617,
    -3.9579158316633265,
    -3.7975951903807617,
    -3.877755511022044,
    -3.9579158316633265,
    -3.877755511022044,
    -3.9579158316633265,
    -3.9579158316633265,
    -3.9979959919839683,
    -3.9579158316633265,
    -3.7975951903807617,
    -3.9579158316633265,
    -3.877755511022044,
    -3.877755511022044,
    -3.9579158316633265,
    -3.9979959919839683,
    -3.9579158316633265,
    -3.7374749498997994,
    -3.877755511022044,
    -3.9579158316633265,
    -3.877755511022044,
    -3.9579158316633265,
    -3.877755511022044,
    -3.9979959919839683
  ],
  "correlation": {
    "pearson_r": -0.03034089573771895,
    "pearson_p": 0.7644339547816472,
    "spearman_rho": -0.06269426942694269,
    "spearman_p": 0.5354747322497087,
    "kendall_tau": -0.0391919191919192,
    "kendall_p": 0.5634297722876274
  },
  "gap_analysis": {
    "ks_statistic": 0.26262626262626265,
    "ks_p_value": 0.0020698682655992304
  },
  "monotonicity_fraction": 0.494949494949495
}